Subject ID,CT,MR,pathology,genetic,clinical,vital_status_12,vital_status_24
C3N-00313,1,0,1,1,1,1,-1
TCGA-CZ-4865,1,0,1,1,1,0,0
C3N-00647,0,0,1,1,1,0,0
TCGA-CJ-4644,0,0,1,1,1,0,0
TCGA-B0-5080,0,0,1,1,1,0,0
TCGA-B0-5084,0,0,1,1,1,0,0
TCGA-AK-3465,0,0,1,1,1,1,-1
TCGA-B0-4693,0,0,1,0,1,0,0
C3N-01180,0,0,1,1,1,1,-1
TCGA-B0-4837,0,0,1,0,1,1,1
C3L-00817,1,0,1,1,1,1,-1
TCGA-B0-4698,1,0,1,1,1,0,0
TCGA-DV-5574,1,0,1,1,1,1,-1
TCGA-B0-4699,0,0,1,0,1,0,0
TCGA-B0-4691,0,0,1,0,1,0,0
TCGA-BP-4335,1,0,1,0,1,1,0
TCGA-B0-5080,0,0,1,1,1,0,0
TCGA-B0-4828,0,0,1,0,1,0,0
C3N-01524,1,0,1,1,1,1,-1
C3N-00647,0,0,1,1,1,0,0
C3N-01646,1,0,1,1,1,1,-1
TCGA-BP-4798,0,0,1,0,1,0,0
C3L-01603,0,0,1,1,1,1,-1
TCGA-BP-4327,0,0,1,0,1,0,0
TCGA-A3-3322,0,0,1,1,1,1,1
C3L-00902,0,0,1,1,1,1,-1
C3L-00448,0,0,1,1,1,1,1
C3N-01088,0,0,1,1,1,0,0
TCGA-B0-5707,1,0,1,1,1,1,1
TCGA-B0-4841,0,0,1,0,1,0,0
TCGA-B0-4844,0,0,1,0,1,0,0
TCGA-B0-4703,0,0,1,0,1,0,0
TCGA-CJ-4890,0,0,1,0,1,1,1
C3N-01090,0,0,1,1,1,0,0
C3N-01082,0,0,1,1,1,0,0
TCGA-A3-3316,0,0,1,1,1,1,1
C3N-00314,0,0,1,1,1,0,-1
C3L-01302,0,0,1,1,1,0,-1
C3L-00792,1,0,1,1,1,1,-1
C3N-02160,0,0,1,1,1,0,0
TCGA-A3-3346,0,0,1,1,1,0,0
TCGA-CJ-4644,0,0,1,1,1,0,0
TCGA-B0-4814,0,0,1,0,1,0,0
TCGA-CW-5591,0,1,1,1,1,1,1
TCGA-B0-4688,0,0,1,0,1,0,0
C3L-00812,1,0,1,1,1,1,-1
TCGA-BP-4169,1,0,1,0,1,1,0
C3L-00766,1,0,1,1,1,1,1
C3N-00491,1,0,1,1,1,0,-1
TCGA-A3-3374,0,0,1,1,1,1,1
TCGA-AK-3430,0,0,1,1,1,1,0
TCGA-CW-5585,1,1,1,1,1,1,1
TCGA-B0-5080,0,0,1,1,1,0,0
C3L-00165,0,0,1,1,1,1,-1
TCGA-BP-5192,1,0,1,1,1,1,-1
TCGA-A3-3311,0,0,1,1,1,1,1
C3N-02015,1,0,1,1,1,1,1
TCGA-B0-4701,0,0,1,0,1,0,0
C3N-01082,0,0,1,1,1,0,0
TCGA-CZ-5985,0,0,1,1,1,1,1
TCGA-BP-4981,0,0,1,1,1,1,1
TCGA-BP-5006,1,1,1,1,1,1,1
TCGA-B0-4694,0,0,1,0,1,0,0
C3N-00494,1,0,1,1,1,1,-1
C3L-01676,0,0,1,1,1,1,-1
TCGA-B0-4703,0,0,1,0,1,0,0
C3N-01176,0,0,1,1,1,1,-1
C3N-01090,0,0,1,1,1,0,0
TCGA-CJ-4913,0,0,1,1,1,1,1
TCGA-BP-4798,0,0,1,0,1,0,0
TCGA-B0-4841,0,0,1,0,1,0,0
TCGA-A3-3307,0,0,1,0,1,1,1
TCGA-CW-5584,0,1,1,0,1,0,0
C3N-01090,0,0,1,1,1,0,0
TCGA-B0-4693,0,0,1,0,1,0,0
C3L-00800,0,1,1,1,1,1,-1
TCGA-B0-4713,1,0,1,0,1,0,0
TCGA-B0-4701,0,0,1,0,1,0,0
TCGA-A3-3328,0,0,1,0,1,1,1
TCGA-BP-4337,0,0,1,0,1,0,0
TCGA-B0-5104,0,0,1,1,1,0,0
TCGA-BP-4970,1,0,1,1,1,1,-1
TCGA-B0-4844,0,0,1,0,1,0,0
TCGA-CJ-4902,1,0,1,1,1,1,1
C3N-00244,1,0,1,1,1,1,-1
C3N-01078,0,0,1,1,1,0,0
C3N-01088,0,0,1,1,1,0,0
TCGA-BP-4991,0,0,1,1,1,1,1
TCGA-A3-3385,0,0,1,1,1,1,-1
C3N-01220,0,0,1,1,1,1,-1
TCGA-CZ-4865,1,0,1,1,1,0,0
C3L-01281,0,0,1,1,1,1,-1
C3L-00079,0,0,1,1,1,0,1
TCGA-CJ-5678,1,0,1,1,1,1,0
TCGA-CZ-5467,0,0,1,0,1,0,0
TCGA-B0-5694,0,0,1,0,1,1,0
TCGA-BP-5198,0,1,1,1,1,1,-1
TCGA-CJ-5671,1,0,1,1,1,1,1
TCGA-B0-5084,0,0,1,1,1,0,0
TCGA-CZ-5463,0,0,1,1,1,1,-1
TCGA-CJ-4899,1,0,1,1,1,1,1
C3N-02248,0,0,1,1,1,0,0
C3L-02211,0,0,1,1,1,0,0
TCGA-CW-5584,0,1,1,0,1,0,0
C3L-01288,0,0,1,1,1,1,-1
TCGA-A3-3376,0,0,1,1,1,1,1
TCGA-B0-4699,0,0,1,0,1,0,0
TCGA-CJ-4900,1,0,1,1,1,1,1
TCGA-B0-4844,0,0,1,0,1,0,0
C3N-01083,0,0,1,1,1,0,0
C3N-01086,0,0,1,1,1,0,0
C3L-00369,0,0,1,1,1,0,1
C3N-00491,1,0,1,1,1,0,-1
C3N-00435,1,0,1,1,1,1,-1
TCGA-B0-5084,0,0,1,1,1,0,0
TCGA-B0-4693,0,0,1,0,1,0,0
TCGA-CJ-4878,0,0,1,0,1,1,1
C3L-00004,0,0,1,1,1,1,1
TCGA-B0-4690,0,0,1,0,1,0,0
C3N-00721,0,0,1,1,1,0,0
C3N-00573,0,0,1,1,1,1,-1
TCGA-CJ-4918,1,0,1,1,1,0,0
TCGA-B0-4810,0,0,1,1,1,1,0
TCGA-A3-3306,0,0,1,0,1,1,1
C3N-00831,0,0,1,1,1,0,-1
C3N-03020,0,0,1,1,1,1,1
TCGA-B0-4713,1,0,1,0,1,0,0
C3N-01649,0,0,1,1,1,1,-1
C3L-00011,0,0,1,1,1,0,1
C3L-01951,0,0,1,1,1,1,-1
C3L-02211,0,0,1,1,1,0,0
TCGA-B0-4698,1,0,1,1,1,0,0
C3N-01078,0,0,1,1,1,0,0
TCGA-CZ-4860,0,1,1,0,1,0,0
TCGA-CJ-4644,0,0,1,1,1,0,0
TCGA-G6-A5PC,1,0,1,1,1,0,0
C3N-02248,0,0,1,1,1,0,0
TCGA-CW-5583,1,1,1,1,1,1,1
TCGA-CZ-4863,1,0,1,1,1,1,1
TCGA-CW-6096,1,0,1,0,1,1,1
TCGA-BP-4965,1,0,1,1,1,1,1
TCGA-BP-4801,0,0,1,1,1,1,1
TCGA-B0-4701,0,0,1,0,1,0,0
TCGA-BP-4797,1,0,1,0,1,1,1
C3N-00150,0,0,1,1,1,1,-1
C3L-02841,1,0,1,1,1,1,1
C3N-00314,0,0,1,1,1,0,-1
C3L-01607,0,0,1,1,1,1,-1
TCGA-CJ-4869,0,0,1,1,1,1,1
C3N-00491,1,0,1,1,1,0,-1
C3N-02160,0,0,1,1,1,0,0
TCGA-B0-5094,0,0,1,1,1,0,0
TCGA-CJ-4636,1,0,1,1,1,1,1
C3N-01090,0,0,1,1,1,0,0
TCGA-B0-5696,1,0,1,1,1,1,1
TCGA-BP-4164,1,0,1,1,1,1,1
C3L-00369,0,0,1,1,1,0,1
TCGA-B0-5699,0,0,1,1,1,1,1
C3N-00154,0,0,1,1,1,1,-1
TCGA-CJ-5680,1,0,1,1,1,1,1
TCGA-CW-5584,0,1,1,0,1,0,0
TCGA-B0-4714,0,0,1,0,1,0,0
C3N-00834,0,0,1,1,1,1,-1
TCGA-CZ-5466,0,1,1,1,1,1,-1
TCGA-BP-4982,1,0,1,1,1,1,1
C3L-01106,0,0,1,1,1,0,0
C3L-00970,0,0,1,1,1,1,-1
C3N-00194,1,0,1,1,1,1,-1
TCGA-BP-4770,1,0,1,1,1,0,0
C3L-01302,0,0,1,1,1,0,-1
TCGA-B0-4698,1,0,1,1,1,0,0
C3N-01200,0,0,1,1,1,0,-1
TCGA-B0-4699,0,0,1,0,1,0,0
C3N-00715,0,0,1,1,1,0,0
TCGA-CJ-4644,0,0,1,1,1,0,0
TCGA-BP-5178,0,1,1,1,1,1,1
TCGA-B0-4841,0,0,1,0,1,0,0
C3N-02160,0,0,1,1,1,0,0
TCGA-AK-3455,0,0,1,1,1,1,0
TCGA-CJ-4916,1,0,1,1,1,1,1
C3N-01083,0,0,1,1,1,0,0
TCGA-B0-5094,0,0,1,1,1,0,0
TCGA-CJ-4918,1,0,1,1,1,0,0
TCGA-BP-4331,0,0,1,0,1,1,1
TCGA-CZ-4860,0,1,1,0,1,0,0
C3L-01836,0,0,1,1,1,1,-1
C3L-02544,0,0,1,1,1,1,1
TCGA-A3-3319,0,0,1,1,1,1,1
TCGA-BP-4999,1,1,1,1,1,1,1
TCGA-B0-4714,0,0,1,0,1,0,0
C3N-01905,1,0,1,1,1,1,1
C3N-00831,0,0,1,1,1,0,-1
TCGA-B0-5080,0,0,1,1,1,0,0
C3L-00079,0,0,1,1,1,0,1
TCGA-A3-3358,0,0,1,1,1,1,1
TCGA-B0-5110,1,0,1,1,1,1,-1
TCGA-CZ-4859,1,0,1,1,1,1,1
C3N-00831,0,0,1,1,1,0,-1
TCGA-A3-3349,0,0,1,1,1,1,1
TCGA-B0-4845,1,0,1,0,1,1,1
TCGA-CJ-4885,1,0,1,0,1,1,1
TCGA-B0-4688,0,0,1,0,1,0,0
TCGA-B0-4713,1,0,1,0,1,0,0
TCGA-BP-4998,0,0,1,1,1,1,1
TCGA-CZ-5987,0,1,1,1,1,1,0
TCGA-B0-4701,0,0,1,0,1,0,0
C3L-02352,0,0,1,1,1,1,1
C3L-01302,0,0,1,1,1,0,-1
TCGA-BP-4776,0,0,1,0,1,1,-1
TCGA-A3-3346,0,0,1,1,1,0,0
TCGA-BP-4995,1,0,1,1,1,1,1
TCGA-B0-5081,1,0,1,1,1,0,0
C3N-00721,0,0,1,1,1,0,0
TCGA-G6-A5PC,1,0,1,1,1,0,0
C3N-01078,0,0,1,1,1,0,0
TCGA-BP-4327,0,0,1,0,1,0,0
C3N-00831,0,0,1,1,1,0,-1
C3N-00647,0,0,1,1,1,0,0
C3N-01082,0,0,1,1,1,0,0
TCGA-B0-4694,0,0,1,0,1,0,0
TCGA-A3-3346,0,0,1,1,1,0,0
C3N-01086,0,0,1,1,1,0,0
TCGA-A3-3346,0,0,1,1,1,0,0
TCGA-BP-4770,1,0,1,1,1,0,0
TCGA-BP-4352,0,0,1,0,1,0,0
TCGA-B0-4694,0,0,1,0,1,0,0
TCGA-CW-6090,1,1,1,1,1,1,1
C3N-01085,0,0,1,1,1,0,0
TCGA-CW-6088,1,0,1,0,1,1,1
TCGA-B0-4847,0,0,1,0,1,1,1
TCGA-BP-4973,0,1,1,1,1,1,1
C3N-01088,0,0,1,1,1,0,0
C3L-02842,0,0,1,1,1,1,1
TCGA-B8-4143,1,0,1,1,1,1,0
C3N-02248,0,0,1,1,1,0,0
TCGA-CZ-5988,1,0,1,1,1,1,-1
C3N-00314,0,0,1,1,1,0,-1
TCGA-BP-5181,1,0,1,1,1,1,1
TCGA-CJ-4644,0,0,1,1,1,0,0
TCGA-G6-A5PC,1,0,1,1,1,0,0
TCGA-B0-5088,1,0,1,1,1,1,0
C3N-01082,0,0,1,1,1,0,0
TCGA-BP-4355,1,0,1,0,1,1,1
TCGA-B0-4824,0,0,1,0,1,1,1
C3L-01283,0,0,1,1,1,1,-1
TCGA-B0-4693,0,0,1,0,1,0,0
C3L-01033,0,0,1,1,1,1,1
TCGA-CZ-5467,0,0,1,0,1,0,0
TCGA-B0-5104,0,0,1,1,1,0,0
C3N-01648,1,0,1,1,1,1,-1
TCGA-B0-4714,0,0,1,0,1,0,0
C3N-01082,0,0,1,1,1,0,0
C3L-00765,0,0,1,1,1,1,1
TCGA-DV-5576,1,0,1,1,1,1,0
C3N-01214,0,0,1,1,1,1,-1
TCGA-A3-3370,0,0,1,1,1,1,1
C3L-02364,0,0,1,1,1,1,1
TCGA-B0-5084,0,0,1,1,1,0,0
TCGA-BP-4342,1,0,1,0,1,1,1
TCGA-BP-4798,0,0,1,0,1,0,0
C3L-01106,0,0,1,1,1,0,0
TCGA-CZ-4865,1,0,1,1,1,0,0
TCGA-BP-5184,1,0,1,1,1,1,1
TCGA-CZ-4860,0,1,1,0,1,0,0
TCGA-B0-5400,0,0,1,1,1,1,-1
TCGA-B0-4688,0,0,1,0,1,0,0
TCGA-B0-4823,0,0,1,1,1,1,0
TCGA-BP-5170,0,0,1,1,1,1,1
TCGA-CZ-4860,0,1,1,0,1,0,0
TCGA-CJ-4918,1,0,1,1,1,0,0
TCGA-BP-4798,0,0,1,0,1,0,0
TCGA-B0-5083,0,0,1,1,1,1,1
TCGA-B0-4694,0,0,1,0,1,0,0
TCGA-EU-5904,0,0,1,1,1,1,-1
C3N-00312,1,0,1,1,1,1,-1
TCGA-B8-4153,1,0,1,1,1,1,-1
C3L-00079,0,0,1,1,1,0,1
C3N-01088,0,0,1,1,1,0,0
TCGA-BP-4344,0,0,1,0,1,1,1
TCGA-CJ-4875,0,0,1,0,1,1,1
TCGA-B0-4688,0,0,1,0,1,0,0
C3L-00369,0,0,1,1,1,0,1
TCGA-BP-4759,1,0,1,0,1,1,1
C3N-00491,1,0,1,1,1,0,-1
TCGA-B0-5081,1,0,1,1,1,0,0
TCGA-BP-4159,0,0,1,0,1,1,1
C3L-02211,0,0,1,1,1,0,0
TCGA-CZ-5455,0,1,1,1,1,1,0
TCGA-BP-4346,1,0,1,0,1,1,1
TCGA-BP-4352,0,0,1,0,1,0,0
C3L-02553,0,0,1,1,1,1,1
C3L-01287,0,0,1,1,1,1,-1
TCGA-B0-4828,0,0,1,0,1,0,0
TCGA-AK-3433,0,0,1,0,1,1,1
TCGA-DV-A4VZ,0,1,1,1,1,1,-1
TCGA-AK-3436,0,0,1,1,1,1,1
TCGA-G6-A5PC,1,0,1,1,1,0,0
C3N-00242,0,0,1,1,1,1,-1
TCGA-B8-A54E,1,0,1,1,1,1,-1
TCGA-BP-4337,0,0,1,0,1,0,0
C3N-01077,0,0,1,1,1,0,0
C3L-00908,0,0,1,1,1,1,-1
TCGA-B0-5077,1,0,1,1,1,1,1
C3N-01083,0,0,1,1,1,0,0
TCGA-BP-4977,1,0,1,1,1,1,-1
C3N-00246,1,0,1,1,1,1,-1
TCGA-BP-4337,0,0,1,0,1,0,0
TCGA-CZ-4860,0,1,1,0,1,0,0
C3N-01085,0,0,1,1,1,0,0
TCGA-B0-4713,1,0,1,0,1,0,0
TCGA-CW-5581,1,0,1,1,1,1,1
TCGA-B0-4699,0,0,1,0,1,0,0
TCGA-AK-3447,0,0,1,1,1,1,1
TCGA-BP-4353,1,0,1,0,1,1,0
TCGA-DV-5566,1,0,1,1,1,1,1
TCGA-BP-4976,1,0,1,1,1,1,1
TCGA-CZ-5464,0,1,1,0,1,1,1
C3L-01976,1,0,1,1,1,1,-1
C3N-00831,0,0,1,1,1,0,-1
TCGA-B0-4838,0,0,1,0,1,1,1
TCGA-B0-5104,0,0,1,1,1,0,0
TCGA-B0-5094,0,0,1,1,1,0,0
TCGA-BP-4798,0,0,1,0,1,0,0
TCGA-BP-4334,1,0,1,0,1,1,-1
C3N-02439,0,1,1,1,1,1,1
TCGA-CJ-4892,1,0,1,0,1,1,1
TCGA-BP-5187,1,0,1,1,1,1,-1
C3L-00079,0,0,1,1,1,0,1
TCGA-BP-4758,0,0,1,0,1,1,1
C3L-01107,0,0,1,1,1,1,-1
C3L-00011,0,0,1,1,1,0,1
TCGA-CJ-5679,1,0,1,1,1,1,0
TCGA-B0-4815,0,0,1,1,1,1,1
C3N-02160,0,0,1,1,1,0,0
TCGA-CJ-4634,0,0,1,1,1,1,1
TCGA-B0-5081,1,0,1,1,1,0,0
C3L-01286,0,0,1,1,1,1,-1
C3N-01083,0,0,1,1,1,0,0
C3L-01106,0,0,1,1,1,0,0
TCGA-CJ-4638,0,0,1,1,1,1,0
C3N-01200,0,0,1,1,1,0,-1
C3L-00815,1,0,1,1,1,1,1
TCGA-CJ-4918,1,0,1,1,1,0,0
TCGA-CZ-4865,1,0,1,1,1,0,0
C3N-01536,1,0,1,1,1,1,-1
TCGA-A3-3347,0,0,1,1,1,1,1
TCGA-A3-3323,0,0,1,1,1,1,1
C3L-00369,0,0,1,1,1,0,1
TCGA-B0-4698,1,0,1,1,1,0,0
TCGA-DV-5575,1,0,1,1,1,1,1
C3N-00715,0,0,1,1,1,0,0
C3N-01078,0,0,1,1,1,0,0
C3N-02248,0,0,1,1,1,0,0
TCGA-BP-4327,0,0,1,0,1,0,0
TCGA-AK-3450,0,0,1,0,1,1,1
TCGA-B0-5711,1,0,1,1,1,1,1
C3L-01560,0,0,1,1,1,1,-1
TCGA-BP-5008,0,0,1,1,1,1,1
TCGA-BP-4337,0,0,1,0,1,0,0
C3N-02429,0,0,1,1,1,1,1
TCGA-B0-4691,0,0,1,0,1,0,0
C3L-00079,0,0,1,1,1,0,1
TCGA-B0-4714,0,0,1,0,1,0,0
TCGA-B0-4818,0,0,1,1,1,1,0
C3N-02160,0,0,1,1,1,0,0
TCGA-BP-4766,1,0,1,0,1,1,1
TCGA-BP-4771,1,0,1,0,1,0,0
C3N-00491,1,0,1,1,1,0,-1
TCGA-AK-3444,0,0,1,1,1,1,1
TCGA-CZ-5467,0,0,1,0,1,0,0
TCGA-B0-4814,0,0,1,0,1,0,0
C3N-01085,0,0,1,1,1,0,0
TCGA-BP-4176,0,0,1,0,1,1,1
C3L-02208,0,0,1,1,1,1,1
TCGA-B0-5084,0,0,1,1,1,0,0
C3N-00715,0,0,1,1,1,0,0
TCGA-CJ-4872,1,0,1,0,1,1,1
C3N-00831,0,0,1,1,1,0,-1
TCGA-B0-4814,0,0,1,0,1,0,0
TCGA-CJ-6030,1,0,1,1,1,1,1
C3L-00011,0,0,1,1,1,0,1
TCGA-B0-4698,1,0,1,1,1,0,0
C3L-00418,0,0,1,1,1,1,1
TCGA-G6-A5PC,1,0,1,1,1,0,0
C3N-00491,1,0,1,1,1,0,-1
TCGA-BP-4174,0,0,1,0,1,1,1
TCGA-CJ-6033,1,0,1,1,1,0,0
C3L-00369,0,0,1,1,1,0,1
C3L-00011,0,0,1,1,1,0,1
C3L-01553,0,0,1,1,1,1,-1
TCGA-BP-5190,1,0,1,1,1,1,1
C3L-00103,0,0,1,1,1,1,1
TCGA-BP-5191,1,0,1,1,1,1,1
TCGA-CZ-5456,0,0,1,1,1,1,1
TCGA-B0-5094,0,0,1,1,1,0,0
TCGA-A3-3325,0,0,1,0,1,1,1
TCGA-CZ-5467,0,0,1,0,1,0,0
TCGA-CJ-4918,1,0,1,1,1,0,0
TCGA-AK-3454,0,0,1,0,1,1,1
TCGA-BP-4347,1,0,1,0,1,1,1
C3N-01361,1,0,1,1,1,1,-1
TCGA-B0-4844,0,0,1,0,1,0,0
TCGA-A3-3346,0,0,1,1,1,0,0
C3N-00149,0,0,1,1,1,1,-1
TCGA-B0-4691,0,0,1,0,1,0,0
TCGA-A3-3335,0,0,1,0,1,1,-1
TCGA-CZ-4858,1,0,1,0,1,1,1
C3L-02220,0,0,1,1,1,1,-1
TCGA-A3-3383,0,0,1,1,1,1,1
C3N-01083,0,0,1,1,1,0,0
TCGA-B0-4703,0,0,1,0,1,0,0
TCGA-B0-5709,1,0,1,1,1,1,1
C3N-01077,0,0,1,1,1,0,0
C3N-01083,0,0,1,1,1,0,0
C3L-01885,0,0,1,1,1,1,-1
TCGA-BP-4352,0,0,1,0,1,0,0
TCGA-CW-5584,0,1,1,0,1,0,0
C3N-01086,0,0,1,1,1,0,0
C3L-00360,0,0,1,1,1,1,1
TCGA-B0-4690,0,0,1,0,1,0,0
C3N-01088,0,0,1,1,1,0,0
TCGA-B0-4697,0,0,1,0,1,1,0
TCGA-CJ-6032,0,0,1,1,1,1,1
TCGA-BP-4771,1,0,1,0,1,0,0
C3L-00011,0,0,1,1,1,0,1
C3L-02551,0,0,1,1,1,1,1
TCGA-B0-5705,0,0,1,1,1,1,1
TCGA-B0-5084,0,0,1,1,1,0,0
TCGA-B8-4148,1,0,1,1,1,1,-1
TCGA-BP-4768,1,0,1,0,1,1,-1
TCGA-CJ-4641,1,0,1,1,1,1,1
TCGA-CZ-4857,0,1,1,0,1,1,1
C3L-00369,0,0,1,1,1,0,1
C3N-00715,0,0,1,1,1,0,0
TCGA-CJ-4881,0,0,1,0,1,1,1
TCGA-AK-3428,0,0,1,0,1,1,1
C3L-00606,0,0,1,1,1,1,1
TCGA-B0-4701,0,0,1,0,1,0,0
C3N-00314,0,0,1,1,1,0,-1
TCGA-BP-4341,0,0,1,0,1,1,1
TCGA-BP-4756,0,0,1,0,1,1,-1
C3N-00647,0,0,1,1,1,0,0
TCGA-B0-4822,0,0,1,0,1,1,1
TCGA-CJ-4644,0,0,1,1,1,0,0
TCGA-B0-4817,0,0,1,0,1,1,1
TCGA-A3-3387,0,0,1,1,1,1,-1
TCGA-CZ-4862,1,0,1,0,1,1,1
TCGA-B0-4691,0,0,1,0,1,0,0
TCGA-G6-A5PC,1,0,1,1,1,0,0
TCGA-B0-4848,0,0,1,0,1,1,1
TCGA-B0-4688,0,0,1,0,1,0,0
C3N-01085,0,0,1,1,1,0,0
TCGA-A3-3346,0,0,1,1,1,0,0
TCGA-BP-4337,0,0,1,0,1,0,0
TCGA-B0-4693,0,0,1,0,1,0,0
TCGA-B0-4690,0,0,1,0,1,0,0
C3N-01090,0,0,1,1,1,0,0
TCGA-CW-5584,0,1,1,0,1,0,0
TCGA-CZ-5982,0,0,1,1,1,1,1
C3N-01086,0,0,1,1,1,0,0
TCGA-B0-4828,0,0,1,0,1,0,0
TCGA-BP-4964,1,0,1,1,1,1,1
C3N-01077,0,0,1,1,1,0,0
TCGA-CJ-6033,1,0,1,1,1,0,0
TCGA-CW-5584,0,1,1,0,1,0,0
C3N-00721,0,0,1,1,1,0,0
C3L-00011,0,0,1,1,1,0,1
TCGA-B0-4690,0,0,1,0,1,0,0
TCGA-BP-5200,1,1,1,1,1,1,1
TCGA-CJ-4918,1,0,1,1,1,0,0
TCGA-B0-4844,0,0,1,0,1,0,0
TCGA-CZ-5467,0,0,1,0,1,0,0
C3N-00715,0,0,1,1,1,0,0
C3L-01106,0,0,1,1,1,0,0
TCGA-CJ-4884,1,0,1,0,1,1,1
TCGA-CJ-6028,1,0,1,1,1,1,1
TCGA-CW-5588,1,1,1,1,1,1,1
TCGA-B0-4828,0,0,1,0,1,0,0
TCGA-BP-5194,1,0,1,1,1,1,-1
C3N-01656,0,0,1,1,1,1,1
TCGA-B0-4828,0,0,1,0,1,0,0
C3N-00647,0,0,1,1,1,0,0
TCGA-B0-4833,1,0,1,0,1,1,1
TCGA-B0-4816,0,0,1,0,1,1,1
TCGA-BP-4352,0,0,1,0,1,0,0
TCGA-B0-4700,0,0,1,1,1,1,1
TCGA-CJ-4918,1,0,1,1,1,0,0
TCGA-CW-5584,0,1,1,0,1,0,0
TCGA-A3-3329,0,0,1,0,1,1,-1
TCGA-CZ-4860,0,1,1,0,1,0,0
C3L-02211,0,0,1,1,1,0,0
C3L-00790,0,0,1,1,1,1,1
TCGA-CZ-5467,0,0,1,0,1,0,0
TCGA-CJ-4642,1,0,1,0,1,1,1
TCGA-BP-4337,0,0,1,0,1,0,0
C3N-00495,0,0,1,1,1,1,-1
TCGA-BP-4327,0,0,1,0,1,0,0
C3N-01086,0,0,1,1,1,0,0
C3N-00715,0,0,1,1,1,0,0
TCGA-B0-4693,0,0,1,0,1,0,0
C3N-01090,0,0,1,1,1,0,0
TCGA-BP-5000,1,0,1,1,1,1,-1
TCGA-BP-4774,1,0,1,0,1,1,1
C3N-00437,1,0,1,1,1,1,-1
C3L-00796,0,0,1,1,1,1,-1
TCGA-BP-4330,1,0,1,0,1,1,1
C3N-01078,0,0,1,1,1,0,0
TCGA-CZ-4865,1,0,1,1,1,0,0
TCGA-BP-4349,1,1,1,0,1,1,-1
TCGA-BP-4781,1,0,1,0,1,1,1
TCGA-CJ-4908,1,0,1,1,1,1,1
TCGA-B0-4814,0,0,1,0,1,0,0
C3L-01106,0,0,1,1,1,0,0
C3N-00314,0,0,1,1,1,0,-1
TCGA-CZ-5460,0,1,1,1,1,1,1
C3N-00953,1,0,1,1,1,1,-1
TCGA-BP-4167,1,0,1,0,1,1,1
C3N-01261,0,0,1,1,1,1,-1
C3N-01213,0,0,1,1,1,1,-1
TCGA-DV-5567,1,0,1,1,1,1,1
TCGA-AK-3431,0,0,1,0,1,1,1
TCGA-BP-4337,0,0,1,0,1,0,0
TCGA-BP-5009,1,0,1,1,1,1,1
TCGA-B0-5080,0,0,1,1,1,0,0
TCGA-BP-5180,1,0,1,1,1,1,1
TCGA-CJ-6033,1,0,1,1,1,0,0
C3N-01085,0,0,1,1,1,0,0
TCGA-CJ-4871,1,0,1,0,1,1,1
TCGA-BP-4771,1,0,1,0,1,0,0
TCGA-A3-3382,0,0,1,1,1,1,-1
C3L-01352,1,0,1,1,1,1,-1
TCGA-BP-5186,1,0,1,1,1,1,-1
TCGA-CJ-4888,0,0,1,0,1,1,1
TCGA-BP-4770,1,0,1,1,1,0,0
TCGA-CZ-5989,0,1,1,1,1,1,1
TCGA-BP-4771,1,0,1,0,1,0,0
TCGA-B0-4691,0,0,1,0,1,0,0
TCGA-B0-5100,0,0,1,1,1,1,1
C3N-01175,0,0,1,1,1,1,-1
C3N-00721,0,0,1,1,1,0,0
TCGA-CJ-4920,1,0,1,1,1,0,0
TCGA-B0-4841,0,0,1,0,1,0,0
TCGA-B0-5712,1,0,1,1,1,1,1
C3N-01200,0,0,1,1,1,0,-1
TCGA-BP-4354,1,0,1,0,1,1,1
TCGA-BP-4986,1,0,1,1,1,1,1
C3L-00907,0,0,1,1,1,1,-1
C3N-00380,1,0,1,1,1,1,-1
C3N-01086,0,0,1,1,1,0,0
TCGA-A3-3320,0,0,1,1,1,1,1
TCGA-AK-3440,0,0,1,1,1,1,1
C3L-00917,0,0,1,1,1,1,-1
TCGA-BP-4343,1,0,1,0,1,1,1
C3N-01179,0,0,1,1,1,1,-1
C3N-00320,0,0,1,1,1,1,-1
TCGA-BP-4327,0,0,1,0,1,0,0
C3L-00359,0,0,1,1,1,1,1
TCGA-B0-4714,0,0,1,0,1,0,0
TCGA-BP-4799,1,1,1,0,1,1,1
TCGA-B0-4842,0,0,1,1,1,1,1
TCGA-CW-5580,1,0,1,1,1,1,1
TCGA-CJ-4920,1,0,1,1,1,0,0
TCGA-BP-4798,0,0,1,0,1,0,0
TCGA-B0-5107,0,0,1,1,1,1,1
TCGA-BP-4327,0,0,1,0,1,0,0
TCGA-DV-A4VX,0,1,1,1,1,1,1
TCGA-B0-5099,1,1,1,1,1,1,0
C3L-00079,0,0,1,1,1,0,1
TCGA-CJ-6033,1,0,1,1,1,0,0
TCGA-B0-4713,1,0,1,0,1,0,0
TCGA-BP-4798,0,0,1,0,1,0,0
TCGA-BP-4972,1,0,1,1,1,1,1
TCGA-B0-4699,0,0,1,0,1,0,0
TCGA-B0-5713,0,0,1,1,1,1,1
TCGA-CJ-4907,1,0,1,1,1,1,1
C3N-00647,0,0,1,1,1,0,0
TCGA-BP-4795,0,1,1,1,1,1,-1
TCGA-B0-4828,0,0,1,0,1,0,0
TCGA-BP-4992,1,0,1,1,1,1,-1
C3N-01086,0,0,1,1,1,0,0
C3N-00647,0,0,1,1,1,0,0
TCGA-BP-4326,0,0,1,0,1,1,1
TCGA-CZ-5452,1,0,1,1,1,1,1
C3L-00561,0,0,1,1,1,1,1
TCGA-CW-6097,1,0,1,1,1,1,0
TCGA-B0-4691,0,0,1,0,1,0,0
C3L-00369,0,0,1,1,1,0,1
C3N-00177,0,0,1,1,1,1,-1
TCGA-B0-4703,0,0,1,0,1,0,0
TCGA-AK-3451,0,0,1,1,1,1,1
C3L-01465,1,0,1,1,1,1,1
TCGA-BP-5183,1,0,1,1,1,1,1
C3N-01808,0,1,1,1,1,1,-1
TCGA-B0-4698,1,0,1,1,1,0,0
TCGA-B0-4694,0,0,1,0,1,0,0
TCGA-BP-5001,1,0,1,1,1,1,1
TCGA-BP-4160,0,0,1,0,1,1,1
C3N-01657,0,0,1,1,1,1,1
TCGA-CJ-6033,1,0,1,1,1,0,0
TCGA-CJ-5672,1,0,1,1,1,1,1
TCGA-B0-4699,0,0,1,0,1,0,0
C3N-00715,0,0,1,1,1,0,0
C3L-02211,0,0,1,1,1,0,0
TCGA-AK-3425,0,0,1,0,1,1,1
TCGA-B0-4690,0,0,1,0,1,0,0
TCGA-CJ-4889,1,0,1,0,1,1,1
C3N-01200,0,0,1,1,1,0,-1
TCGA-B0-5104,0,0,1,1,1,0,0
TCGA-CZ-5467,0,0,1,0,1,0,0
TCGA-BP-4352,0,0,1,0,1,0,0
C3L-01302,0,0,1,1,1,0,-1
C3N-00314,0,0,1,1,1,0,-1
TCGA-B0-4690,0,0,1,0,1,0,0
C3N-02332,1,0,1,1,1,1,1
C3N-00721,0,0,1,1,1,0,0
TCGA-BP-4351,0,1,1,0,1,1,1
C3L-02201,0,0,1,1,1,1,1
C3N-00831,0,0,1,1,1,0,-1
TCGA-BP-4771,1,0,1,0,1,0,0
TCGA-CJ-4894,1,0,1,0,1,1,1
C3L-01313,0,0,1,1,1,1,-1
TCGA-BP-4959,0,0,1,0,1,1,1
TCGA-B0-5094,0,0,1,1,1,0,0
TCGA-A3-3352,0,0,1,0,1,1,0
C3L-01034,1,0,1,1,1,1,1
TCGA-CJ-4870,1,0,1,0,1,1,1
C3N-00577,0,0,1,1,1,1,-1
C3L-02346,0,0,1,1,1,1,1
TCGA-BP-4332,0,0,1,0,1,1,1
TCGA-B0-4703,0,0,1,0,1,0,0
TCGA-BP-5174,1,0,1,1,1,1,1
TCGA-DV-5568,1,0,1,1,1,1,-1
TCGA-B0-4701,0,0,1,0,1,0,0
TCGA-BP-4329,0,0,1,0,1,1,1
TCGA-CZ-5986,0,0,1,1,1,1,-1
C3L-01882,0,0,1,1,1,1,-1
TCGA-CJ-6033,1,0,1,1,1,0,0
TCGA-CZ-4860,0,1,1,0,1,0,0
C3L-00966,0,0,1,1,1,1,1
TCGA-B0-4846,0,0,1,0,1,1,1
C3N-01090,0,0,1,1,1,0,0
TCGA-CZ-4865,1,0,1,1,1,0,0
TCGA-B8-4146,1,0,1,1,1,1,-1
C3N-02248,0,0,1,1,1,0,0
TCGA-CZ-4865,1,0,1,1,1,0,0
TCGA-BP-4177,1,0,1,1,1,1,1
C3L-01302,0,0,1,1,1,0,-1
C3N-02248,0,0,1,1,1,0,0
C3L-00813,0,0,1,1,1,1,-1
TCGA-B0-4827,0,0,1,1,1,1,1
TCGA-BP-4352,0,0,1,0,1,0,0
C3N-02248,0,0,1,1,1,0,0
TCGA-B0-4699,0,0,1,0,1,0,0
TCGA-BP-4770,1,0,1,1,1,0,0
C3L-01557,0,0,1,1,1,1,-1
TCGA-A3-3378,0,0,1,1,1,1,-1
TCGA-B0-5102,0,0,1,0,1,1,1
TCGA-CJ-4920,1,0,1,1,1,0,0
TCGA-CJ-4912,1,0,1,1,1,1,1
TCGA-BP-4325,0,0,1,0,1,1,1
TCGA-AK-3460,0,0,1,0,1,1,1
TCGA-BP-4790,1,0,1,0,1,1,1
C3L-02202,1,0,1,1,1,1,1
TCGA-BP-5004,1,0,1,1,1,1,1
TCGA-CJ-4640,0,0,1,1,1,1,1
TCGA-CJ-4905,1,0,1,1,1,1,1
TCGA-B0-4836,0,0,1,0,1,1,1
TCGA-AK-3445,0,0,1,0,1,1,1
TCGA-BP-4960,1,0,1,1,1,1,1
TCGA-B0-4691,0,0,1,0,1,0,0
C3N-00314,0,0,1,1,1,0,-1
TCGA-B0-5084,0,0,1,1,1,0,0
C3L-00097,0,0,1,1,1,1,1
TCGA-B0-4814,0,0,1,0,1,0,0
TCGA-AK-3434,0,0,1,0,1,1,1
TCGA-CJ-4920,1,0,1,1,1,0,0
TCGA-BP-4765,0,0,1,0,1,1,1
TCGA-B0-5106,1,1,1,1,1,1,1
TCGA-BP-4162,0,0,1,1,1,1,1
TCGA-B0-4696,0,0,1,0,1,1,1
TCGA-B0-4828,0,0,1,0,1,0,0
TCGA-CW-5587,1,1,1,1,1,1,1
C3L-01302,0,0,1,1,1,0,-1
TCGA-B8-A54D,1,0,1,1,1,1,-1
TCGA-CJ-4874,0,0,1,0,1,1,1
TCGA-CJ-5682,0,0,1,1,1,1,1
TCGA-B0-5690,0,0,1,1,1,1,1
TCGA-B0-4698,1,0,1,1,1,0,0
TCGA-B0-4844,0,0,1,0,1,0,0
TCGA-B0-5104,0,0,1,1,1,0,0
TCGA-CJ-5683,1,0,1,1,1,1,1
TCGA-B0-5081,1,0,1,1,1,0,0
C3L-01302,0,0,1,1,1,0,-1
C3N-01828,1,0,1,1,1,1,-1
TCGA-B0-5695,0,0,1,1,1,1,1
TCGA-B0-4834,0,0,1,0,1,1,1
C3N-01522,0,0,1,1,1,1,-1
C3N-01651,1,0,1,1,1,1,-1
TCGA-B0-5080,0,0,1,1,1,0,0
TCGA-B0-4707,0,0,1,0,1,1,0
TCGA-CJ-4920,1,0,1,1,1,0,0
TCGA-CZ-4853,0,0,1,1,1,1,1
TCGA-BP-4770,1,0,1,1,1,0,0
TCGA-B0-4703,0,0,1,0,1,0,0
TCGA-A3-3346,0,0,1,1,1,0,0
C3N-01085,0,0,1,1,1,0,0
TCGA-B0-4693,0,0,1,0,1,0,0
TCGA-B0-4945,0,0,1,1,1,1,1
TCGA-CJ-6033,1,0,1,1,1,0,0
TCGA-BP-4968,0,0,1,1,1,1,1
TCGA-B0-4688,0,0,1,0,1,0,0
TCGA-CJ-4920,1,0,1,1,1,0,0
TCGA-BP-4775,1,0,1,0,1,1,1
TCGA-CJ-5675,1,0,1,1,1,1,1
TCGA-B0-4841,0,0,1,0,1,0,0
TCGA-BP-4963,0,1,1,1,1,1,1
C3L-00814,0,0,1,1,1,1,-1
C3N-01200,0,0,1,1,1,0,-1
C3L-01106,0,0,1,1,1,0,0
C3L-01861,0,0,1,1,1,1,-1
TCGA-B0-5693,0,0,1,1,1,1,1
C3N-00721,0,0,1,1,1,0,0
TCGA-BP-4969,0,0,1,0,1,1,1
C3L-00789,0,0,1,1,1,1,1
C3L-02211,0,0,1,1,1,0,0
C3N-01082,0,0,1,1,1,0,0
TCGA-B0-4844,0,0,1,0,1,0,0
TCGA-B0-5081,1,0,1,1,1,0,0
C3N-00390,0,0,1,1,1,1,-1
TCGA-B0-4690,0,0,1,0,1,0,0
C3N-00721,0,0,1,1,1,0,0
TCGA-B0-5080,0,0,1,1,1,0,0
TCGA-CJ-4920,1,0,1,1,1,0,0
TCGA-B0-5094,0,0,1,1,1,0,0
TCGA-BP-4165,0,0,1,0,1,1,1
C3N-00832,1,0,1,1,1,1,-1
C3L-00011,0,0,1,1,1,0,1
C3L-00583,0,0,1,1,1,1,1
C3N-01083,0,0,1,1,1,0,0
TCGA-CJ-4903,1,0,1,1,1,1,1
C3N-00168,0,0,1,1,1,1,-1
TCGA-B0-5700,0,0,1,1,1,1,-1
TCGA-A3-3362,0,0,1,1,1,1,1
TCGA-B0-4713,1,0,1,0,1,0,0
TCGA-B0-4688,0,0,1,0,1,0,0
TCGA-B0-5104,0,0,1,1,1,0,0
TCGA-CJ-4868,0,0,1,0,1,1,0
C3N-00646,0,0,1,1,1,1,-1
TCGA-BP-4770,1,0,1,1,1,0,0
C3L-00976,0,0,1,1,1,1,1
TCGA-BP-4763,1,0,1,0,1,1,1
TCGA-BP-4352,0,0,1,0,1,0,0
TCGA-CZ-4854,0,0,1,0,1,1,1
TCGA-B0-4814,0,0,1,0,1,0,0
C3L-00079,0,0,1,1,1,0,1
TCGA-BP-4338,0,0,1,0,1,1,1
TCGA-B0-5706,1,0,1,1,1,1,1
C3N-02160,0,0,1,1,1,0,0
TCGA-B0-4694,0,0,1,0,1,0,0
TCGA-B0-4714,0,0,1,0,1,0,0
TCGA-B0-5691,0,0,1,1,1,1,1
TCGA-A3-3351,0,0,1,0,1,1,1
C3N-02266,0,0,1,1,1,1,1
C3N-01077,0,0,1,1,1,0,0
TCGA-B0-4703,0,0,1,0,1,0,0
TCGA-BP-4327,0,0,1,0,1,0,0
C3N-00305,1,0,1,1,1,1,-1
TCGA-CJ-4644,0,0,1,1,1,0,0
C3L-02211,0,0,1,1,1,0,0
C3N-01078,0,0,1,1,1,0,0
C3N-01200,0,0,1,1,1,0,-1
TCGA-BP-4158,0,0,1,0,1,1,1
TCGA-B0-4713,1,0,1,0,1,0,0
TCGA-B0-4841,0,0,1,0,1,0,0
TCGA-BP-4771,1,0,1,0,1,0,0
TCGA-B0-5701,0,0,1,1,1,1,1
TCGA-B0-5109,0,1,1,1,1,1,0
TCGA-A3-3380,0,0,1,1,1,1,-1
C3L-01681,0,0,1,1,1,1,1
C3N-00310,1,0,1,1,1,1,-1
C3N-00491,1,0,1,1,1,0,-1
TCGA-AK-3429,0,0,1,1,1,1,1
TCGA-CJ-4923,1,0,1,1,1,1,0
TCGA-BP-4789,1,0,1,0,1,1,1
C3N-01077,0,0,1,1,1,0,0
C3L-00010,0,0,1,1,1,1,1
TCGA-AK-3458,0,0,1,1,1,1,1
TCGA-BP-5175,1,0,1,1,1,1,1
TCGA-B0-5698,1,0,1,1,1,1,1
TCGA-A3-3343,0,0,1,0,1,1,1
TCGA-G6-A5PC,1,0,1,1,1,0,0
C3N-00492,1,0,1,1,1,1,-1
TCGA-A3-3324,0,0,1,0,1,1,1
C3N-02577,0,0,1,1,1,1,1
C3N-01085,0,0,1,1,1,0,0
C3N-02160,0,0,1,1,1,0,0
C3N-01088,0,0,1,1,1,0,0
TCGA-A3-3357,0,0,1,1,1,1,1
TCGA-B0-5094,0,0,1,1,1,0,0
TCGA-B0-5081,1,0,1,1,1,0,0
C3N-01082,0,0,1,1,1,0,0
TCGA-B0-4701,0,0,1,0,1,0,0
TCGA-CJ-4886,1,0,1,0,1,1,1
C3L-01459,1,0,1,1,1,1,-1
TCGA-BP-4771,1,0,1,0,1,0,0
TCGA-CW-5589,1,0,1,1,1,1,1
C3N-01078,0,0,1,1,1,0,0
C3N-02263,1,0,1,1,1,1,1
C3N-01077,0,0,1,1,1,0,0
C3L-00581,0,0,1,1,1,1,1
TCGA-B0-5081,1,0,1,1,1,0,0
C3N-01088,0,0,1,1,1,0,0
TCGA-B0-4694,0,0,1,0,1,0,0
C3L-00969,0,0,1,1,1,1,1
TCGA-B0-4814,0,0,1,0,1,0,0
TCGA-B0-4841,0,0,1,0,1,0,0
C3N-01902,1,0,1,1,1,1,1
C3L-01106,0,0,1,1,1,0,0
C3L-00026,0,0,1,1,1,1,0
C3N-01200,0,0,1,1,1,0,-1
TCGA-A3-3359,0,0,1,0,1,1,1
C3N-01077,0,0,1,1,1,0,0
TCGA-BP-4770,1,0,1,1,1,0,0
TCGA-B0-4714,0,0,1,0,1,0,0
C3L-00910,0,0,1,1,1,1,-1
TCGA-B0-5104,0,0,1,1,1,0,0
